-- MySQL dump 10.13  Distrib 5.7.12, for Win64 (x86_64)
--
-- Host: localhost    Database: imho
-- ------------------------------------------------------
-- Server version	5.7.17-log

/*!40101 SET @OLD_CHARACTER_SET_CLIENT=@@CHARACTER_SET_CLIENT */;
/*!40101 SET @OLD_CHARACTER_SET_RESULTS=@@CHARACTER_SET_RESULTS */;
/*!40101 SET @OLD_COLLATION_CONNECTION=@@COLLATION_CONNECTION */;
/*!40101 SET NAMES utf8 */;
/*!40103 SET @OLD_TIME_ZONE=@@TIME_ZONE */;
/*!40103 SET TIME_ZONE='+00:00' */;
/*!40014 SET @OLD_UNIQUE_CHECKS=@@UNIQUE_CHECKS, UNIQUE_CHECKS=0 */;
/*!40014 SET @OLD_FOREIGN_KEY_CHECKS=@@FOREIGN_KEY_CHECKS, FOREIGN_KEY_CHECKS=0 */;
/*!40101 SET @OLD_SQL_MODE=@@SQL_MODE, SQL_MODE='NO_AUTO_VALUE_ON_ZERO' */;
/*!40111 SET @OLD_SQL_NOTES=@@SQL_NOTES, SQL_NOTES=0 */;

--
-- Table structure for table `answer`
--

DROP TABLE IF EXISTS `answer`;
/*!40101 SET @saved_cs_client     = @@character_set_client */;
/*!40101 SET character_set_client = utf8 */;
CREATE TABLE `answer` (
  `answer_id` int(11) NOT NULL AUTO_INCREMENT,
  `user_id` int(11) DEFAULT NULL,
  `option_id` int(11) DEFAULT NULL,
  PRIMARY KEY (`answer_id`),
  UNIQUE KEY `idAnswer_UNIQUE` (`answer_id`),
  KEY `userRef` (`user_id`),
  KEY `optionRef` (`option_id`),
  CONSTRAINT `optionRef` FOREIGN KEY (`option_id`) REFERENCES `option` (`option_id`) ON DELETE CASCADE ON UPDATE NO ACTION,
  CONSTRAINT `userRef` FOREIGN KEY (`user_id`) REFERENCES `user` (`user_id`) ON DELETE NO ACTION ON UPDATE NO ACTION
) ENGINE=InnoDB AUTO_INCREMENT=3 DEFAULT CHARSET=latin1;
/*!40101 SET character_set_client = @saved_cs_client */;

--
-- Dumping data for table `answer`
--

LOCK TABLES `answer` WRITE;
/*!40000 ALTER TABLE `answer` DISABLE KEYS */;
INSERT INTO `answer` VALUES (2,3,3);
/*!40000 ALTER TABLE `answer` ENABLE KEYS */;
UNLOCK TABLES;

--
-- Table structure for table `course`
--

DROP TABLE IF EXISTS `course`;
/*!40101 SET @saved_cs_client     = @@character_set_client */;
/*!40101 SET character_set_client = utf8 */;
CREATE TABLE `course` (
  `course_id` int(11) NOT NULL AUTO_INCREMENT,
  `course_title` varchar(45) NOT NULL,
  PRIMARY KEY (`course_id`),
  UNIQUE KEY `course_title` (`course_title`)
) ENGINE=InnoDB AUTO_INCREMENT=5 DEFAULT CHARSET=latin1;
/*!40101 SET character_set_client = @saved_cs_client */;

--
-- Dumping data for table `course`
--

LOCK TABLES `course` WRITE;
/*!40000 ALTER TABLE `course` DISABLE KEYS */;
INSERT INTO `course` VALUES (2,'DIS'),(3,'Forandringsledelse'),(4,'Makroøkonomi'),(1,'VØS 3');
/*!40000 ALTER TABLE `course` ENABLE KEYS */;
UNLOCK TABLES;

--
-- Table structure for table `option`
--

DROP TABLE IF EXISTS `option`;
/*!40101 SET @saved_cs_client     = @@character_set_client */;
/*!40101 SET character_set_client = utf8 */;
CREATE TABLE `option` (
  `option_id` int(11) NOT NULL AUTO_INCREMENT,
  `option` varchar(400) NOT NULL,
  `question_id` int(11) DEFAULT NULL,
  `is_correct` tinyint(1) DEFAULT NULL,
  PRIMARY KEY (`option_id`),
  UNIQUE KEY `idOption_UNIQUE` (`option_id`),
  UNIQUE KEY `option_UNIQUE` (`option`),
  KEY `questionRef` (`question_id`),
  CONSTRAINT `questionRef` FOREIGN KEY (`question_id`) REFERENCES `question` (`question_id`) ON DELETE CASCADE ON UPDATE NO ACTION
) ENGINE=InnoDB AUTO_INCREMENT=91 DEFAULT CHARSET=latin1;
/*!40101 SET character_set_client = @saved_cs_client */;

--
-- Dumping data for table `option`
--

LOCK TABLES `option` WRITE;
/*!40000 ALTER TABLE `option` DISABLE KEYS */;
INSERT INTO `option` VALUES (1,'En database',1,0),(2,'Begrebet findes ikke',1,0),(3,'Fordeler trafik p? serverne',1,1),(4,'Et operativsystem',1,0),(5,'1',3,0),(6,'2',3,0),(7,'3',3,1),(9,'4',3,0),(71,'',47,0),(79,'dwadlldlwd',51,0),(80,'dwadkkawdk',51,1),(81,'dwaudiauwdi',51,0),(82,'wdoawodaow',51,0),(83,'fwe',54,0),(84,'efwef',54,1),(85,'hjyuyuyu',54,0),(86,'fef',54,0),(87,'diduiuiu33',55,0),(88,'fefef323',55,0),(89,'fefef4',55,1),(90,'fefef77',55,0);
/*!40000 ALTER TABLE `option` ENABLE KEYS */;
UNLOCK TABLES;

--
-- Table structure for table `question`
--

DROP TABLE IF EXISTS `question`;
/*!40101 SET @saved_cs_client     = @@character_set_client */;
/*!40101 SET character_set_client = utf8 */;
CREATE TABLE `question` (
  `question_id` int(11) NOT NULL AUTO_INCREMENT,
  `question` varchar(500) NOT NULL,
  `quiz_id` int(11) DEFAULT NULL,
  PRIMARY KEY (`question_id`),
  UNIQUE KEY `idQuestion_UNIQUE` (`question_id`),
  UNIQUE KEY `question_UNIQUE` (`question`),
  KEY `quizRef` (`quiz_id`),
  CONSTRAINT `quizRef` FOREIGN KEY (`quiz_id`) REFERENCES `quiz` (`quiz_id`) ON DELETE CASCADE ON UPDATE NO ACTION
) ENGINE=InnoDB AUTO_INCREMENT=56 DEFAULT CHARSET=latin1;
/*!40101 SET character_set_client = @saved_cs_client */;

--
-- Dumping data for table `question`
--

LOCK TABLES `question` WRITE;
/*!40000 ALTER TABLE `question` DISABLE KEYS */;
INSERT INTO `question` VALUES (1,'Hvad er en \"load balancer\"?',1),(2,'Hvad er sikkerhed?',2),(3,'Test1',3),(4,'Test2',3),(5,'Test3',3),(6,'Test4',3),(46,'questionosdawd1',66),(47,'firstquestioni111',67),(48,'didididiuudw',68),(51,'adwdawdojojawd',70),(52,'dawdawdawd',70),(54,'ffewfwef22',71),(55,'dwduaiduiu22',71);
/*!40000 ALTER TABLE `question` ENABLE KEYS */;
UNLOCK TABLES;

--
-- Table structure for table `quiz`
--

DROP TABLE IF EXISTS `quiz`;
/*!40101 SET @saved_cs_client     = @@character_set_client */;
/*!40101 SET character_set_client = utf8 */;
CREATE TABLE `quiz` (
  `quiz_id` int(11) NOT NULL AUTO_INCREMENT,
  `created_by` varchar(100) DEFAULT 'Unknown',
  `question_count` int(11) DEFAULT NULL,
  `quiz_title` varchar(200) DEFAULT 'Unidentified quiz',
  `quiz_description` varchar(1000) DEFAULT 'No description found',
  `course_id` int(11) DEFAULT NULL,
  PRIMARY KEY (`quiz_id`),
  UNIQUE KEY `idQuiz_UNIQUE` (`quiz_id`),
  KEY `idRef` (`course_id`),
  CONSTRAINT `idRef` FOREIGN KEY (`course_id`) REFERENCES `course` (`course_id`) ON DELETE CASCADE ON UPDATE NO ACTION
) ENGINE=InnoDB AUTO_INCREMENT=72 DEFAULT CHARSET=latin1;
/*!40101 SET character_set_client = @saved_cs_client */;

--
-- Dumping data for table `quiz`
--

LOCK TABLES `quiz` WRITE;
/*!40000 ALTER TABLE `quiz` DISABLE KEYS */;
INSERT INTO `quiz` VALUES (1,'Henrik Thorn',1,'Skalerbarhed','Tag denne quiz for at ?ve dig i skalerbarhed',2),(2,'Kasper',1,'Sikkerhed','Quiz for sikkerhed',2),(3,'Test1',4,'title1','test af quiz',1),(12,'1231',5,'2323','123123123',1),(13,'ChristianDoej',5,'Teeeest','Test af quiz',1),(14,'ChristianDoej',5,'tttt','wwww',1),(29,'ChristianDoej',10,'Test10','Test10',1),(30,'ChristianDoej',10,'iiikkk','oookkkiii',4),(31,'ChristianDoej',5,'MakroQuiz','makro',4),(32,'ChristianDoej',5,'Forandring','ledelse',3),(33,'ChristianDoej',5,'123456','1234567',3),(34,'ChristianDoej',5,'makromakro','2222',4),(35,'ChristianDoej',5,'','',3),(36,'1231',5,'2323','123123123',1),(66,'ChristianDoej',5,'nameawdawdawd','ddadjjdauwduaud',4),(67,'ChristianDoej',5,'testmakroooo','makro123',4),(68,'ChristianDoej',5,'dauwdiadiuduud','ndndndndnhdhd',2),(70,'ChristianDoej',5,'dawdawdawd','dwadawdlawld',2),(71,'ChristianDoej',5,'eiufisuefiu','dwakdjkawjdkawd',3);
/*!40000 ALTER TABLE `quiz` ENABLE KEYS */;
UNLOCK TABLES;

--
-- Table structure for table `tokens`
--

DROP TABLE IF EXISTS `tokens`;
/*!40101 SET @saved_cs_client     = @@character_set_client */;
/*!40101 SET character_set_client = utf8 */;
CREATE TABLE `tokens` (
  `id` int(11) unsigned NOT NULL AUTO_INCREMENT,
  `token` varchar(255) DEFAULT '',
  `token_user_id` int(11) DEFAULT NULL,
  PRIMARY KEY (`id`)
) ENGINE=InnoDB AUTO_INCREMENT=171 DEFAULT CHARSET=latin1;
/*!40101 SET character_set_client = @saved_cs_client */;

--
-- Dumping data for table `tokens`
--

LOCK TABLES `tokens` WRITE;
/*!40000 ALTER TABLE `tokens` DISABLE KEYS */;
INSERT INTO `tokens` VALUES (1,'eyJ0eXAiOiJKV1QiLCJhbGciOiJIUzI1NiJ9.eyJVc2VyIjoiRnJlamEiLCJpc3MiOiJJTUhPIiwiZXhwIjoxNTA5NDkwODYwMjUxfQ.XIhBGjxD6OobPVr707HW2na-gqsUjUg9knlJLemVeu8',3),(2,'eyJ0eXAiOiJKV1QiLCJhbGciOiJIUzI1NiJ9.eyJVc2VyIjoiRnJlamEiLCJpc3MiOiJJTUhPIiwiZXhwIjoxNTA5NDkwOTA3MDc5fQ.CmvzpmPRRUKQAhM2N_8KvuwvlC9AY6YS3wc3iKPQA4Y',3),(3,'eyJ0eXAiOiJKV1QiLCJhbGciOiJIUzI1NiJ9.eyJVc2VyIjoiRnJlamEiLCJpc3MiOiJJTUhPIiwiZXhwIjoxNTA5NDkxMDUwMjM0fQ.1sR1LOTxYdqLmX3lbFLemmY89XFR_-pUOU1x4AjRX8Y',3),(4,'eyJ0eXAiOiJKV1QiLCJhbGciOiJIUzI1NiJ9.eyJVc2VyIjoiRnJlamEiLCJpc3MiOiJJTUhPIiwiZXhwIjoxNTA5NDkxNjI0MjA1fQ.fHIlAReLikVK0_M4fsSXfWHfHyr_mr0_-Hu1XqiBtVc',3),(5,'eyJ0eXAiOiJKV1QiLCJhbGciOiJIUzI1NiJ9.eyJVc2VyIjoiQWhtZWQiLCJpc3MiOiJJTUhPIiwiZXhwIjoxNTA5NTU5NDM1MDU4fQ.jTX71U7ypeXqEzLsXo2zVqzCdfvvtrYkTHc1mG6Zrys',4),(6,'eyJ0eXAiOiJKV1QiLCJhbGciOiJIUzI1NiJ9.eyJVc2VyIjoiQ2hyaXN0aWFuIiwiaXNzIjoiSU1ITyIsImV4cCI6MTUwOTkyNDcxNTY4MH0._h73_gy0F_KuLmj0hHnAUygaQMibMR6Z8zjljlal_wg',8),(7,'eyJ0eXAiOiJKV1QiLCJhbGciOiJIUzI1NiJ9.eyJVc2VyIjoiQ2hyaXN0aWFuRG9laiIsImlzcyI6IklNSE8iLCJleHAiOjE1MDk5ODAxOTM3MzF9.eZOubuDqHXXeKknBX6EMD03aRs2QLXErKoB1SnkDqlc',12),(8,'eyJ0eXAiOiJKV1QiLCJhbGciOiJIUzI1NiJ9.eyJVc2VyIjoiQ2hyaXN0aWFuRG9laiIsImlzcyI6IklNSE8iLCJleHAiOjE1MDk5ODA0NjA0NjZ9.DQVdNtp9PFE6IWh7A2R4qHi2k4krbmgCN7kKbMRW0ow',12),(9,'eyJ0eXAiOiJKV1QiLCJhbGciOiJIUzI1NiJ9.eyJVc2VyIjoiQ2hyaXN0aWFuRG9laiIsImlzcyI6IklNSE8iLCJleHAiOjE1MDk5ODA2NDkzNDN9.RilV84eya2w9p6dKBVjVzmyCoIa4YMrPXka32ZS87RU',12),(10,'eyJ0eXAiOiJKV1QiLCJhbGciOiJIUzI1NiJ9.eyJVc2VyIjoiQ2hyaXN0aWFuRG9laiIsImlzcyI6IklNSE8iLCJleHAiOjE1MDk5ODgzNTk0ODZ9.hrjnMCWMuhGkypSogb0Z85xB2VIiw8-qqHNQdrMMml4',12),(11,'eyJ0eXAiOiJKV1QiLCJhbGciOiJIUzI1NiJ9.eyJVc2VyIjoiQ2hyaXN0aWFuRG9laiIsImlzcyI6IklNSE8iLCJleHAiOjE1MDk5ODg0NjQyMDB9.XKQ30C7NemcaUXP4T_zc0g3q5PXi9r-RjGWv_4JLep0',12),(12,'eyJ0eXAiOiJKV1QiLCJhbGciOiJIUzI1NiJ9.eyJVc2VyIjoiQ2hyaXN0aWFuRG9laiIsImlzcyI6IklNSE8iLCJleHAiOjE1MDk5ODkwNDczOTB9.mQRwPgrMEDppBJdkbc58_dm5c6Mux9A4H9W05uFnLq0',12),(13,'eyJ0eXAiOiJKV1QiLCJhbGciOiJIUzI1NiJ9.eyJVc2VyIjoiQ2hyaXN0aWFuRG9laiIsImlzcyI6IklNSE8iLCJleHAiOjE1MDk5ODkzMzA4OTB9.Ub0apCYE_JrbYGcod2CXybzyBrAr6neCDo3At4K1i3g',12),(14,'eyJ0eXAiOiJKV1QiLCJhbGciOiJIUzI1NiJ9.eyJVc2VyIjoiQ2hyaXN0aWFuRG9laiIsImlzcyI6IklNSE8iLCJleHAiOjE1MDk5OTEzNjUwMjF9.fpN9dVlY9Thuh7PYLbPmak_efBkwX5_KuRsMT5wldTk',12),(15,'eyJ0eXAiOiJKV1QiLCJhbGciOiJIUzI1NiJ9.eyJVc2VyIjoiQ2hyaXN0aWFuRG9laiIsImlzcyI6IklNSE8iLCJleHAiOjE1MDk5OTE0MjcyMDF9.UnB6NqUocHhgBAjgvevqilZ6cLfNvRo5zECf_PuNODI',12),(16,'eyJ0eXAiOiJKV1QiLCJhbGciOiJIUzI1NiJ9.eyJVc2VyIjoiQ2hyaXN0aWFuRG9laiIsImlzcyI6IklNSE8iLCJleHAiOjE1MDk5OTE1MTI3MzR9.13xupvO5sr4bm2DzTVOMb29mlJndT50yThaSihz8yNY',12),(17,'eyJ0eXAiOiJKV1QiLCJhbGciOiJIUzI1NiJ9.eyJVc2VyIjoiQ2hyaXN0aWFuRG9laiIsImlzcyI6IklNSE8iLCJleHAiOjE1MDk5OTE3NTUyOTJ9.hw0vYQTTmZllKE9J7vXyfX3Gokk5MjES6ei9qdKUfjw',12),(18,'eyJ0eXAiOiJKV1QiLCJhbGciOiJIUzI1NiJ9.eyJVc2VyIjoiQ2hyaXN0aWFuRG9laiIsImlzcyI6IklNSE8iLCJleHAiOjE1MDk5OTE5MzY3MDB9.1ZiGvr8oMGaCwd6SaL4_CWoAfKb7wIoYUsI6PYmwfcc',12),(19,'eyJ0eXAiOiJKV1QiLCJhbGciOiJIUzI1NiJ9.eyJVc2VyIjoiQ2hyaXN0aWFuRG9laiIsImlzcyI6IklNSE8iLCJleHAiOjE1MDk5OTIxMDA0NzB9.UWMVZhg6BLu31K44ktYdrtr4WXt4bD9S_WcQw_zdJmg',12),(20,'eyJ0eXAiOiJKV1QiLCJhbGciOiJIUzI1NiJ9.eyJVc2VyIjoiQ2hyaXN0aWFuRG9laiIsImlzcyI6IklNSE8iLCJleHAiOjE1MDk5OTI1NTg1NzF9.9jr1C0ehlZ5Cgk_IVwJW8JWqXW1nn8cnIcWjP45sh6w',12),(21,'eyJ0eXAiOiJKV1QiLCJhbGciOiJIUzI1NiJ9.eyJVc2VyIjoiQ2hyaXN0aWFuRG9laiIsImlzcyI6IklNSE8iLCJleHAiOjE1MDk5OTI2NjIyMzF9.QEPuCT5xsFsKt64eJr87QEJ6sp1w4kUgU0vT9BNl6DY',12),(22,'eyJ0eXAiOiJKV1QiLCJhbGciOiJIUzI1NiJ9.eyJVc2VyIjoiQ2hyaXN0aWFuRG9laiIsImlzcyI6IklNSE8iLCJleHAiOjE1MDk5OTI3MzQ5ODJ9.EDIDH-zneqRbPMi7ksSZ-BW1ihA51ik0flvnJyIU7BI',12),(23,'eyJ0eXAiOiJKV1QiLCJhbGciOiJIUzI1NiJ9.eyJVc2VyIjoiQ2hyaXN0aWFuRG9laiIsImlzcyI6IklNSE8iLCJleHAiOjE1MDk5OTI5MzA2NDF9.nDWdiOM-pVeVGd6Wx1872mhMFa1O4JFg_FNWQpTODNw',12),(24,'eyJ0eXAiOiJKV1QiLCJhbGciOiJIUzI1NiJ9.eyJVc2VyIjoiQ2hyaXN0aWFuRG9laiIsImlzcyI6IklNSE8iLCJleHAiOjE1MDk5OTMwMTA2NzB9.gQKWY_isnSTeRKAPmPCKgDNlHya2U4KAM9axlG25CfI',12),(25,'eyJ0eXAiOiJKV1QiLCJhbGciOiJIUzI1NiJ9.eyJVc2VyIjoiQ2hyaXN0aWFuRG9laiIsImlzcyI6IklNSE8iLCJleHAiOjE1MDk5OTM0MDk3MTZ9.2IEfhZf3sqnqkhjoRjepTiHAkRNan7SnlzORVxHg8E0',12),(26,'eyJ0eXAiOiJKV1QiLCJhbGciOiJIUzI1NiJ9.eyJVc2VyIjoiQ2hyaXN0aWFuRG9laiIsImlzcyI6IklNSE8iLCJleHAiOjE1MDk5OTM0Mzk4ODh9.r9zbNJxjsCYO3mQ9zT08v_p_SWEpdlf7QMUGp1vbbV0',12),(27,'eyJ0eXAiOiJKV1QiLCJhbGciOiJIUzI1NiJ9.eyJVc2VyIjoiQ2hyaXN0aWFuRG9laiIsImlzcyI6IklNSE8iLCJleHAiOjE1MDk5OTM1MDA3NzF9.f4Q-i1224nSM482TiN4pVmo7kbWm5M4OijP0ZatrTjI',12),(28,'eyJ0eXAiOiJKV1QiLCJhbGciOiJIUzI1NiJ9.eyJVc2VyIjoiQ2hyaXN0aWFuRG9laiIsImlzcyI6IklNSE8iLCJleHAiOjE1MDk5OTM1Mzk4NDh9.mUyBiUqjWpE_Yx9p4QRfvCZzinSeBuHbApmzgTjB_q0',12),(29,'eyJ0eXAiOiJKV1QiLCJhbGciOiJIUzI1NiJ9.eyJVc2VyIjoidGVzdFRlc3QiLCJpc3MiOiJJTUhPIiwiZXhwIjoxNTEwMDAzMDgwOTU2fQ.eoBgP6O_X8Q1_i8aGu8csGzFXLO9HlB7Ew0k2pp_6h0',17),(30,'eyJ0eXAiOiJKV1QiLCJhbGciOiJIUzI1NiJ9.eyJVc2VyIjoidGVlc3QiLCJpc3MiOiJJTUhPIiwiZXhwIjoxNTEwMDc1NzIzODkxfQ.0OiO_PoHDxUPfTNn28zUx9N2oci9PHn5Pf5KvgqBSpg',18),(31,'eyJ0eXAiOiJKV1QiLCJhbGciOiJIUzI1NiJ9.eyJVc2VyIjoiMTIzNDUiLCJpc3MiOiJJTUhPIiwiZXhwIjoxNTEwMDgzNzgzMTM5fQ.o0Vvg2a5doLYThgD5BJif_xjPLCr6T7o8FiNekZlWu4',20),(32,'eyJ0eXAiOiJKV1QiLCJhbGciOiJIUzI1NiJ9.eyJVc2VyIjoiQ2hyaXN0aWFuRG9laiIsImlzcyI6IklNSE8iLCJleHAiOjE1MTAyNDY4NTEwMDd9.O0C0jEt8AsYCTWh2CU4priE29bIgkPiq7-0CAGUtV1M',12),(33,'eyJ0eXAiOiJKV1QiLCJhbGciOiJIUzI1NiJ9.eyJVc2VyIjoiQ2hyaXN0aWFuRG9laiIsImlzcyI6IklNSE8iLCJleHAiOjE1MTAyNDY5MzMwMTN9.91Px09jcCm-LWC6xNpQGq763vsnfGoN2kQwT7_XuVns',12),(34,'eyJ0eXAiOiJKV1QiLCJhbGciOiJIUzI1NiJ9.eyJVc2VyIjoiQ2hyaXN0aWFuRG9laiIsImlzcyI6IklNSE8iLCJleHAiOjE1MTAyNDY5OTU1NjZ9.M_DS1GPVYDhvLuVO6TrMj-_fmt0WEW96FMpnk-cvmyg',12),(35,'eyJ0eXAiOiJKV1QiLCJhbGciOiJIUzI1NiJ9.eyJVc2VyIjoiQ2hyaXMiLCJpc3MiOiJJTUhPIiwiZXhwIjoxNTEwMjYzODQyOTgyfQ.tos4EUj6t2bDE-IZzJN684uRqhC_XmgNczm1HWZqyys',21),(36,'eyJ0eXAiOiJKV1QiLCJhbGciOiJIUzI1NiJ9.eyJVc2VyIjoiQ2hyaXN0aWFuRG9laiIsImlzcyI6IklNSE8iLCJleHAiOjE1MTAzMjQ4MTUyODl9._6gKRyMUbIDW3MONJbXntjFU4XBwDTCE6rn1ZnUSoSk',12),(37,'eyJ0eXAiOiJKV1QiLCJhbGciOiJIUzI1NiJ9.eyJVc2VyIjoiQ2hyaXN0aWFuRG9laiIsImlzcyI6IklNSE8iLCJleHAiOjE1MTAzNDMzMzU2MjR9.WV13Dyklq08kDWjFU-4Wqg2hCDegllhaz8kY3nbtc_4',12),(38,'eyJ0eXAiOiJKV1QiLCJhbGciOiJIUzI1NiJ9.eyJVc2VyIjoiQ2hyaXN0aWFuRG9laiIsImlzcyI6IklNSE8iLCJleHAiOjE1MTAzNDM0MTQzOTB9.0KbFqqKWMhvq3vyX-BhSyCLvfKx4NWW_aFQ-x7oNMhs',12),(39,'eyJ0eXAiOiJKV1QiLCJhbGciOiJIUzI1NiJ9.eyJVc2VyIjoiQ2hyaXN0aWFuRG9laiIsImlzcyI6IklNSE8iLCJleHAiOjE1MTA0MjI4MjgxNTR9.MlY9O25C5QXsU1Ntya91ned28Mox5eX5aVDTYOTIb74',12),(40,'eyJ0eXAiOiJKV1QiLCJhbGciOiJIUzI1NiJ9.eyJVc2VyIjoiQ2hyaXN0aWFuRG9laiIsImlzcyI6IklNSE8iLCJleHAiOjE1MTA0MjI5NjM1NDN9.qKzybKpqUSKIsDoW4W-trsKGSw6qQjqK8kp5_nx4ihQ',12),(41,'eyJ0eXAiOiJKV1QiLCJhbGciOiJIUzI1NiJ9.eyJVc2VyIjoiQ2hyaXN0aWFuRG9laiIsImlzcyI6IklNSE8iLCJleHAiOjE1MTA0MjM2NjQ2OTd9.EwqY_HTIvmL-Qyvz_nCF_Z8G-vJYY9pEtLu9vLayhdM',12),(42,'eyJ0eXAiOiJKV1QiLCJhbGciOiJIUzI1NiJ9.eyJVc2VyIjoiQ2hyaXN0aWFuRG9laiIsImlzcyI6IklNSE8iLCJleHAiOjE1MTA0MjM3NjM4MTd9.ZS4Cn2dSyoIhv_VE_FBpMnQo9PqCAi74lfgeFVqlVrY',12),(43,'eyJ0eXAiOiJKV1QiLCJhbGciOiJIUzI1NiJ9.eyJVc2VyIjoiQ2hyaXN0aWFuRG9laiIsImlzcyI6IklNSE8iLCJleHAiOjE1MTA0MjM4MTc1Mzd9.b6fB7vAmWp2WUQ_oYTfo_TIfVPMROMv8hr0b6Xhgtlw',12),(44,'eyJ0eXAiOiJKV1QiLCJhbGciOiJIUzI1NiJ9.eyJVc2VyIjoiQ2hyaXN0aWFuRG9laiIsImlzcyI6IklNSE8iLCJleHAiOjE1MTA0MjM5MDkyNzd9.4pB_6xTiCAEc0nGMArkjHwlUr5--UaRWxAXVyseNwZ8',12),(45,'eyJ0eXAiOiJKV1QiLCJhbGciOiJIUzI1NiJ9.eyJVc2VyIjoiQ2hyaXN0aWFuRG9laiIsImlzcyI6IklNSE8iLCJleHAiOjE1MTA0MjQwMzUyNjV9.6ICGKGzcps7rtCHKO4ZvnTqAObaC1eraWhb9xDv2Ka0',12),(46,'eyJ0eXAiOiJKV1QiLCJhbGciOiJIUzI1NiJ9.eyJVc2VyIjoiQ2hyaXN0aWFuRG9laiIsImlzcyI6IklNSE8iLCJleHAiOjE1MTA0MjQxNTMwODJ9.LGmoXt0zsetIsAQoOkY33nNf_sq2iw-ZHIERjOj4Dyk',12),(47,'eyJ0eXAiOiJKV1QiLCJhbGciOiJIUzI1NiJ9.eyJVc2VyIjoiQ2hyaXN0aWFuRG9laiIsImlzcyI6IklNSE8iLCJleHAiOjE1MTA0MjYxNzE5MTZ9.YPI1qdyqGvTz1XJ4JIh_fKY_OoYGxetDa2rxXGkUSs8',12),(48,'eyJ0eXAiOiJKV1QiLCJhbGciOiJIUzI1NiJ9.eyJVc2VyIjoiQ2hyaXN0aWFuRG9laiIsImlzcyI6IklNSE8iLCJleHAiOjE1MTA0MjYyMzk0Mzh9.S-pWNTdL3jdvDKK_2Iyt-YRCLc3NF2Zf3I685PLNaXA',12),(49,'eyJ0eXAiOiJKV1QiLCJhbGciOiJIUzI1NiJ9.eyJVc2VyIjoiQ2hyaXN0aWFuRG9laiIsImlzcyI6IklNSE8iLCJleHAiOjE1MTA0MjY5Nzg3NDJ9.q2lOcTeg4H3KQO7hX7HAl9dRHO46eAuTmQaHyPYIx-o',12),(50,'eyJ0eXAiOiJKV1QiLCJhbGciOiJIUzI1NiJ9.eyJVc2VyIjoiQ2hyaXN0aWFuRG9laiIsImlzcyI6IklNSE8iLCJleHAiOjE1MTA0NDMwMTg1OTF9.89akJVfRSJVURrDxNWkqnPJOvjm6yVXifTQuEUSCiV4',12),(51,'eyJ0eXAiOiJKV1QiLCJhbGciOiJIUzI1NiJ9.eyJVc2VyIjoibnlCcnVnZXIiLCJpc3MiOiJJTUhPIiwiZXhwIjoxNTEwNTk2ODg2MDI5fQ.-EBuDXzHWnU-g-1St3ps_OLaSv8kZzANgOa-g64cVQw',22),(52,'eyJ0eXAiOiJKV1QiLCJhbGciOiJIUzI1NiJ9.eyJVc2VyIjoiQ2hyaXN0aWFuRG9laiIsImlzcyI6IklNSE8iLCJleHAiOjE1MTA1OTcwMDYyMDh9.cYcoiSht8S8shUjDtT9iiYUth8fbNUOCMaZvpZEx1qM',12),(53,'eyJ0eXAiOiJKV1QiLCJhbGciOiJIUzI1NiJ9.eyJVc2VyIjoidGVzdDIwMCIsImlzcyI6IklNSE8iLCJleHAiOjE1MTA2NjQwMDQyMTV9.wn9eAHInGDCZNFbxCX1Dre8in8bvp_7gSBazNggbpA0',28),(54,'eyJ0eXAiOiJKV1QiLCJhbGciOiJIUzI1NiJ9.eyJVc2VyIjoiQ2hyaXN0aWFuRG9laiIsImlzcyI6IklNSE8iLCJleHAiOjE1MTA2NjU0Mzg3MjV9.BF8Qld4TVoLlZOq5UWGtTDUnmqOrqWYKFAfSAz4p4no',12),(55,'eyJ0eXAiOiJKV1QiLCJhbGciOiJIUzI1NiJ9.eyJVc2VyIjoiYWxsZSAiLCJpc3MiOiJJTUhPIiwiZXhwIjoxNTEwNjkxNjAzOTQ3fQ.cE8BUfC_e_6tYVDVzUtFjZgHf_Q-5N_Vx3J_bx2L4bQ',33),(56,'eyJ0eXAiOiJKV1QiLCJhbGciOiJIUzI1NiJ9.eyJVc2VyIjoicGV0ZXIxIiwiaXNzIjoiSU1ITyIsImV4cCI6MTUxMDc1NjIxODI4OX0.ZJxavL3nCZ4fyRQqIalEhOSwwtvxT3IQVIFiMwOugVQ',31),(57,'eyJ0eXAiOiJKV1QiLCJhbGciOiJIUzI1NiJ9.eyJVc2VyIjoicGV0ZXIxIiwiaXNzIjoiSU1ITyIsImV4cCI6MTUxMDc2MjY2MjA2Nn0.JphpVKOzmtHGGTWUuhm1vWGgkVmCJMhegr2Xq8N_qdA',31),(58,'eyJ0eXAiOiJKV1QiLCJhbGciOiJIUzI1NiJ9.eyJVc2VyIjoicGV0ZXIxIiwiaXNzIjoiSU1ITyIsImV4cCI6MTUxMDc2Mjg0OTUwM30.estNiaxnvbjUCUG2-A-EHaz16vOB7HACUTItIIESXcc',31),(59,'eyJ0eXAiOiJKV1QiLCJhbGciOiJIUzI1NiJ9.eyJVc2VyIjoiUGV0ZXIzIiwiaXNzIjoiSU1ITyIsImV4cCI6MTUxMDc2NDA3ODU0MH0.mPxOaqo36T8ZF6hVAKU7R_ND6lHsgofugtDwyzYCDA4',30),(60,'eyJ0eXAiOiJKV1QiLCJhbGciOiJIUzI1NiJ9.eyJVc2VyIjoicGV0ZXIxIiwiaXNzIjoiSU1ITyIsImV4cCI6MTUxMDc2NDMxNzkyNn0.alRUAm0zZY8-035zhUP8k1_n9ZHCpr_R_CIetGtruyI',31),(61,'eyJ0eXAiOiJKV1QiLCJhbGciOiJIUzI1NiJ9.eyJVc2VyIjoicGV0ZXIxIiwiaXNzIjoiSU1ITyIsImV4cCI6MTUxMDc2NDMyNzU3NX0.KO0yr3HdGPFuBEmUsMRpCrQnOQrRBZGW6wwNlo224Gk',31),(62,'eyJ0eXAiOiJKV1QiLCJhbGciOiJIUzI1NiJ9.eyJVc2VyIjoicGV0ZXIxIiwiaXNzIjoiSU1ITyIsImV4cCI6MTUxMDc2NDc1MTI4MX0.RcsOF0U_vl8yqlSFgJuF4nX74-DuwX0iiZDINK8BLfY',31),(63,'eyJ0eXAiOiJKV1QiLCJhbGciOiJIUzI1NiJ9.eyJVc2VyIjoicGV0ZXIxIiwiaXNzIjoiSU1ITyIsImV4cCI6MTUxMDc2NDc2MDExNn0.nUHNzTFrMDPdTEh6S_2cFtPp5gKI3OwAAWKRE7nPyR0',31),(64,'eyJ0eXAiOiJKV1QiLCJhbGciOiJIUzI1NiJ9.eyJVc2VyIjoicGV0ZXIxIiwiaXNzIjoiSU1ITyIsImV4cCI6MTUxMDc2NDk0NTU5NX0.Of5rGPbyioleaZubUmECxwD-uWqelpI4ZlJ_TUEdAGY',31),(65,'eyJ0eXAiOiJKV1QiLCJhbGciOiJIUzI1NiJ9.eyJVc2VyIjoicGV0ZXIxIiwiaXNzIjoiSU1ITyIsImV4cCI6MTUxMDc2NTY2OTkyNX0.qy7PPxY3BO8C_U3sAm126tQPukC7OoJ632-zf4fgEoA',31),(66,'eyJ0eXAiOiJKV1QiLCJhbGciOiJIUzI1NiJ9.eyJVc2VyIjoiIiwiaXNzIjoiSU1ITyIsImV4cCI6MTUxMDc2NjAxMDc0NH0._JRX0DwQJPoTSq1fioC-zEYOUajiSnI5IxhAA-uRHgA',35),(67,'eyJ0eXAiOiJKV1QiLCJhbGciOiJIUzI1NiJ9.eyJVc2VyIjoiIiwiaXNzIjoiSU1ITyIsImV4cCI6MTUxMDc2NjcxOTY0MX0.ds0VRjnOURJL69K99WMBAuENR3-qQfg6mvDo-chPhf8',35),(68,'eyJ0eXAiOiJKV1QiLCJhbGciOiJIUzI1NiJ9.eyJVc2VyIjoiIiwiaXNzIjoiSU1ITyIsImV4cCI6MTUxMDc2Njg2OTYyN30.kPV9ACCm8CwXEmSY6xtlUvHdI1kMlOAE4HNaawHBafA',35),(69,'eyJ0eXAiOiJKV1QiLCJhbGciOiJIUzI1NiJ9.eyJVc2VyIjoiIiwiaXNzIjoiSU1ITyIsImV4cCI6MTUxMDc2Njg3MDY0Mn0.xy2DZR01P9_YET94V7W0457sqmC8NGcWpbhOjgqy-j0',35),(70,'eyJ0eXAiOiJKV1QiLCJhbGciOiJIUzI1NiJ9.eyJVc2VyIjoiIiwiaXNzIjoiSU1ITyIsImV4cCI6MTUxMDc2Njg3MTQ5N30.mgI7Y2XAy2cLHIwFxpe29TfjJRGqIWFY8emMMmStDCM',35),(71,'eyJ0eXAiOiJKV1QiLCJhbGciOiJIUzI1NiJ9.eyJVc2VyIjoiIiwiaXNzIjoiSU1ITyIsImV4cCI6MTUxMDc2NzI1ODA0NX0.Ujnk2TvWg2IAb6S0oviGjHq7qlIuY-a2BotUMQLOASI',35),(72,'eyJ0eXAiOiJKV1QiLCJhbGciOiJIUzI1NiJ9.eyJVc2VyIjoiIiwiaXNzIjoiSU1ITyIsImV4cCI6MTUxMDc2NzI1ODg2N30.vUl-0-gicAhyf1DPjmWwCoSpku_4qokZ7DUgnzxPJL4',35),(73,'eyJ0eXAiOiJKV1QiLCJhbGciOiJIUzI1NiJ9.eyJVc2VyIjoiIiwiaXNzIjoiSU1ITyIsImV4cCI6MTUxMDc2NzI2MDEwM30.HZG2bRSZ7wegHtcbeJqjZPtkXwLB6HRwwhpHk4KQcAw',35),(74,'eyJ0eXAiOiJKV1QiLCJhbGciOiJIUzI1NiJ9.eyJVc2VyIjoicGV0ZXIxIiwiaXNzIjoiSU1ITyIsImV4cCI6MTUxMTI3MjE3MTQ3OH0.8GRh8HO5pAlYZ8sFWnevzf-7YsGOwTRg_6T_zvq3OeM',31),(75,'eyJ0eXAiOiJKV1QiLCJhbGciOiJIUzI1NiJ9.eyJVc2VyIjoicGV0ZXIxIiwiaXNzIjoiSU1ITyIsImV4cCI6MTUxMTI3MjE4MTU1Nn0.FofwfWAlMrPVUaq0J76VWlkwTH3kcX2NI5QYqWeAesI',31),(76,'eyJ0eXAiOiJKV1QiLCJhbGciOiJIUzI1NiJ9.eyJVc2VyIjoicGV0ZXIxIiwiaXNzIjoiSU1ITyIsImV4cCI6MTUxMTI3MjQxNjIzMn0.jY28nmkgaLNtcYZkcXuzhp9wUvo7gHIkot4ABQUkPCk',31),(77,'eyJ0eXAiOiJKV1QiLCJhbGciOiJIUzI1NiJ9.eyJVc2VyIjoiIiwiaXNzIjoiSU1ITyIsImV4cCI6MTUxMTI3MjU5ODU3OH0.07567TwYmuxw5G4Ao31sGXGYo6FBd-vluLLGKT7skAs',35),(78,'eyJ0eXAiOiJKV1QiLCJhbGciOiJIUzI1NiJ9.eyJVc2VyIjoiIiwiaXNzIjoiSU1ITyIsImV4cCI6MTUxMTI3MjYwMDI2Nn0.L1coxIHn-I8XVin50efJWoyi3VJf7z6ndDdjmAqhcU4',35),(79,'eyJ0eXAiOiJKV1QiLCJhbGciOiJIUzI1NiJ9.eyJVc2VyIjoiIiwiaXNzIjoiSU1ITyIsImV4cCI6MTUxMTI3MjYwMTYyMH0.UooF4s_UE7qIr2_-d_DhRt0PiHzj5ktLrsBV-dUknl0',35),(80,'eyJ0eXAiOiJKV1QiLCJhbGciOiJIUzI1NiJ9.eyJVc2VyIjoiIiwiaXNzIjoiSU1ITyIsImV4cCI6MTUxMTI3MjYxMTU3MH0.TLqOjbwMtz4V4LbPJN8DEqhfNGeu1LwOxFqaZDOpFlc',35),(81,'eyJ0eXAiOiJKV1QiLCJhbGciOiJIUzI1NiJ9.eyJVc2VyIjoiIiwiaXNzIjoiSU1ITyIsImV4cCI6MTUxMTI3MjY4MTIwOH0.gFGbrwgwmKk6-fO9hpLAHSm6wp-vKdFFTNVjaP8NSlI',35),(82,'eyJ0eXAiOiJKV1QiLCJhbGciOiJIUzI1NiJ9.eyJVc2VyIjoicGV0ZXIxIiwiaXNzIjoiSU1ITyIsImV4cCI6MTUxMTI3MzEzOTY0Nn0.9F7rZ6Ih3pDxopftmKjkEnSkJhhzEn08_GxT8yhU9Uk',31),(83,'eyJ0eXAiOiJKV1QiLCJhbGciOiJIUzI1NiJ9.eyJVc2VyIjoicGV0ZXIxIiwiaXNzIjoiSU1ITyIsImV4cCI6MTUxMTI3MzM4MzA5NH0._hq8xB3uzUBWWkOCJdZIZ0osq9Q-oc-lXs-1oWAsa6c',31),(84,'eyJ0eXAiOiJKV1QiLCJhbGciOiJIUzI1NiJ9.eyJVc2VyIjoicGV0ZXIxIiwiaXNzIjoiSU1ITyIsImV4cCI6MTUxMTI3MzUzMDEwN30.XRDvOqBjwbx0OXoEaM150YjI1ZKmaofr4otJ4xYFrNk',31),(85,'eyJ0eXAiOiJKV1QiLCJhbGciOiJIUzI1NiJ9.eyJVc2VyIjoicGV0ZXIxIiwiaXNzIjoiSU1ITyIsImV4cCI6MTUxMTI3MzgwMDM4OH0.ujKgJs1feiw9GZiVddF_aI77E3Dthsdb79LUOsGOhxo',31),(86,'eyJ0eXAiOiJKV1QiLCJhbGciOiJIUzI1NiJ9.eyJVc2VyIjoicGV0ZXIxIiwiaXNzIjoiSU1ITyIsImV4cCI6MTUxMTI3NDIyOTI4OX0.YpHrL5unoSS7inbwvIbSRdbkf8oWuOt6da8pT21B2N8',31),(87,'eyJ0eXAiOiJKV1QiLCJhbGciOiJIUzI1NiJ9.eyJVc2VyIjoicGV0ZXIxIiwiaXNzIjoiSU1ITyIsImV4cCI6MTUxMTI3Njg2NDIwNX0.Q_UdxBmyym8JtzBcaXpg65kiqqdMjzhJ8LJJebkSmus',31),(88,'eyJ0eXAiOiJKV1QiLCJhbGciOiJIUzI1NiJ9.eyJVc2VyIjoicGV0ZXIxIiwiaXNzIjoiSU1ITyIsImV4cCI6MTUxMTI3NzAyNzk1MX0.jc94X8yWQULbRQazJiYEZGOyaB0g5w5ub0nWL8SeV7s',31),(89,'eyJ0eXAiOiJKV1QiLCJhbGciOiJIUzI1NiJ9.eyJVc2VyIjoicGV0ZXIxIiwiaXNzIjoiSU1ITyIsImV4cCI6MTUxMTI3NzQ2MjM2N30.vbiEZu7u3oAI-fGmx0_fz25TIXe02PVaOZJygzIxbDw',31),(90,'eyJ0eXAiOiJKV1QiLCJhbGciOiJIUzI1NiJ9.eyJVc2VyIjoicGV0ZXIxIiwiaXNzIjoiSU1ITyIsImV4cCI6MTUxMTI3NzU4NzkzOX0.gXTAruOr1_MBajMFiZNxMKrC3cce2Vzj2NhOvqaaiuo',31),(91,'eyJ0eXAiOiJKV1QiLCJhbGciOiJIUzI1NiJ9.eyJVc2VyIjoicGV0ZXIxIiwiaXNzIjoiSU1ITyIsImV4cCI6MTUxMTI3ODM2OTAzNH0.bdeEYrzEO2HrY_HsZeJz0pYRAhPE08FG35Zy0qL8Kv0',31),(92,'eyJ0eXAiOiJKV1QiLCJhbGciOiJIUzI1NiJ9.eyJVc2VyIjoicGV0ZXIxIiwiaXNzIjoiSU1ITyIsImV4cCI6MTUxMTI3ODQ1MzM3Nn0.qJoHnFaKXhHqBcZDcB8f0a4um8rW3EsWntJVTVs2feY',31),(93,'eyJ0eXAiOiJKV1QiLCJhbGciOiJIUzI1NiJ9.eyJVc2VyIjoicGV0ZXIxIiwiaXNzIjoiSU1ITyIsImV4cCI6MTUxMTI3ODQ3OTg3OH0.SXe9kPvf8ix4NxKrpOFrtNA52hnkz_lAAc3HNU5JjHE',31),(94,'eyJ0eXAiOiJKV1QiLCJhbGciOiJIUzI1NiJ9.eyJVc2VyIjoicGV0ZXIxIiwiaXNzIjoiSU1ITyIsImV4cCI6MTUxMTI3ODUyNDYyNX0.zZGlUsuzm8giSBdwjp6oEZY85MZp42OLzwb3s2qBt3E',31),(95,'eyJ0eXAiOiJKV1QiLCJhbGciOiJIUzI1NiJ9.eyJVc2VyIjoicGV0ZXIxIiwiaXNzIjoiSU1ITyIsImV4cCI6MTUxMTI3ODc3MzEwMX0.uEPS094Vyu8MQdtHEEDFs5WNBerMthk9pidIt6YtDLY',31),(96,'eyJ0eXAiOiJKV1QiLCJhbGciOiJIUzI1NiJ9.eyJVc2VyIjoicGV0ZXIxIiwiaXNzIjoiSU1ITyIsImV4cCI6MTUxMTI3ODgyMTU4M30.8KKnThu9_piF0Z5zNDWkB0hoIQlFNW212VfNxvgVD6E',31),(97,'eyJ0eXAiOiJKV1QiLCJhbGciOiJIUzI1NiJ9.eyJVc2VyIjoicGV0ZXIxIiwiaXNzIjoiSU1ITyIsImV4cCI6MTUxMTI3ODgzNTc1MH0.v4wSBOwkx6bTQIc5PME_-AFgJqvaNGFD2rpqjGA-trc',31),(98,'eyJ0eXAiOiJKV1QiLCJhbGciOiJIUzI1NiJ9.eyJVc2VyIjoicGV0ZXIxIiwiaXNzIjoiSU1ITyIsImV4cCI6MTUxMTI3ODg4NzQ0Mn0.vfnIVgrSA0hz28aZckYRuOphFTqyquiaiq01Jw7kC64',31),(99,'eyJ0eXAiOiJKV1QiLCJhbGciOiJIUzI1NiJ9.eyJVc2VyIjoicGV0ZXIxIiwiaXNzIjoiSU1ITyIsImV4cCI6MTUxMTI3ODg5OTk0NX0.YyIqohrf-KV2hc1LPIhZmT_DbejI9CWxrSUF9xbQ6KM',31),(100,'eyJ0eXAiOiJKV1QiLCJhbGciOiJIUzI1NiJ9.eyJVc2VyIjoicGV0ZXIxIiwiaXNzIjoiSU1ITyIsImV4cCI6MTUxMTI3ODk1MTE1Mn0.N3ZhnwPqwi9nJ0flqmRRKLrPPJsHI-24ec09UHIyC2g',31),(101,'eyJ0eXAiOiJKV1QiLCJhbGciOiJIUzI1NiJ9.eyJVc2VyIjoicGV0ZXIxIiwiaXNzIjoiSU1ITyIsImV4cCI6MTUxMTI3OTEwMDg0OX0.uN0TklpexqPlO38i-C2nKjZRE3sR6SwvQZSgACuU8go',31),(102,'eyJ0eXAiOiJKV1QiLCJhbGciOiJIUzI1NiJ9.eyJVc2VyIjoicGV0ZXIxIiwiaXNzIjoiSU1ITyIsImV4cCI6MTUxMTI3OTE4NTk3OH0.ydIGdS84HKsoKTmzcWQ_boRRFoq-5tYgWs6_gT6LmaA',31),(103,'eyJ0eXAiOiJKV1QiLCJhbGciOiJIUzI1NiJ9.eyJVc2VyIjoicGV0ZXIxIiwiaXNzIjoiSU1ITyIsImV4cCI6MTUxMTI3OTE5MjMzN30.Q27u6JLy4_ZHbh6uXSm5VfpWztSFxMK9xSZgPCFRgaU',31),(104,'eyJ0eXAiOiJKV1QiLCJhbGciOiJIUzI1NiJ9.eyJVc2VyIjoicGV0ZXIxIiwiaXNzIjoiSU1ITyIsImV4cCI6MTUxMTI3OTM5NTM1Nn0.5u-7b8GmML6q-PRbCPn2_4zbBljNo9qRHyBbVfEB3z0',31),(105,'eyJ0eXAiOiJKV1QiLCJhbGciOiJIUzI1NiJ9.eyJVc2VyIjoicGV0ZXIxIiwiaXNzIjoiSU1ITyIsImV4cCI6MTUxMTI3OTQ2MjI3N30.cQate9tD-Qyft69kO-425ymbMGhebM1rGnTtZHe_gpQ',31),(106,'eyJ0eXAiOiJKV1QiLCJhbGciOiJIUzI1NiJ9.eyJVc2VyIjoicGV0ZXIxIiwiaXNzIjoiSU1ITyIsImV4cCI6MTUxMTI4MDMzMDU2Nn0.QpwQ-S4aNKDQExr7dwsUPWHTweT4jbcKTBcUWBq8GWg',31),(107,'eyJ0eXAiOiJKV1QiLCJhbGciOiJIUzI1NiJ9.eyJVc2VyIjoicGV0ZXIxIiwiaXNzIjoiSU1ITyIsImV4cCI6MTUxMTI4MDM1MTY5NH0.b-_j2Qjn7istj0F9fT8RGZV50eXqomZW_MrFPaegBtY',31),(108,'eyJ0eXAiOiJKV1QiLCJhbGciOiJIUzI1NiJ9.eyJVc2VyIjoicGV0ZXIxIiwiaXNzIjoiSU1ITyIsImV4cCI6MTUxMTI4MDM5MDE1Nn0.GCQYGdv0c6VW1K88EOvmwPjOlnTCng9Y_Vf3y0bFZ9Q',31),(109,'eyJ0eXAiOiJKV1QiLCJhbGciOiJIUzI1NiJ9.eyJVc2VyIjoicGV0ZXIxIiwiaXNzIjoiSU1ITyIsImV4cCI6MTUxMTI4MDU2MzE5MH0.AYuMroBSbmvPvrfz2q2a94-F-leJkY2AprkUvnEW_gM',31),(110,'eyJ0eXAiOiJKV1QiLCJhbGciOiJIUzI1NiJ9.eyJVc2VyIjoicGV0ZXIxIiwiaXNzIjoiSU1ITyIsImV4cCI6MTUxMTI4MDcxNDAwM30.cK5CQrSHFRqFtC4nE5Yd2Q3XRyQ_fYG_iaQCnmmBe1Y',31),(111,'eyJ0eXAiOiJKV1QiLCJhbGciOiJIUzI1NiJ9.eyJVc2VyIjoicGV0ZXIxIiwiaXNzIjoiSU1ITyIsImV4cCI6MTUxMTI4MDg4NzkwMX0.Un2bjx6mJeGLvgyj4T9r4bHR586cgkg1gN2tJpCuyls',31),(112,'eyJ0eXAiOiJKV1QiLCJhbGciOiJIUzI1NiJ9.eyJVc2VyIjoicGV0ZXIxIiwiaXNzIjoiSU1ITyIsImV4cCI6MTUxMTI4MDk1ODcwMH0.jxcwYIGYCiIKjrqpgNzX3Q8RiJ47RNoiOZN45W9FDtU',31),(113,'eyJ0eXAiOiJKV1QiLCJhbGciOiJIUzI1NiJ9.eyJVc2VyIjoicGV0ZXIxIiwiaXNzIjoiSU1ITyIsImV4cCI6MTUxMTI4MTA1MzExM30.QqDzdwAOr5g1yYDbOyLBD_TNaF-JTxt95Wg9GvG-lKY',31),(114,'eyJ0eXAiOiJKV1QiLCJhbGciOiJIUzI1NiJ9.eyJVc2VyIjoicGV0ZXIxIiwiaXNzIjoiSU1ITyIsImV4cCI6MTUxMTI4MTA2MjQyOH0.fT3zh1riDHwlyTZOuh9VB8M7aKWob0k1y5fdnWD-Lr8',31),(115,'eyJ0eXAiOiJKV1QiLCJhbGciOiJIUzI1NiJ9.eyJVc2VyIjoicGV0ZXIxIiwiaXNzIjoiSU1ITyIsImV4cCI6MTUxMTI4MTA3OTk3MX0.4A4xnLK_A0K7WJsJNxZ7l14PQNLBsdEY4Dryjjbfldo',31),(116,'eyJ0eXAiOiJKV1QiLCJhbGciOiJIUzI1NiJ9.eyJVc2VyIjoicGV0ZXIxIiwiaXNzIjoiSU1ITyIsImV4cCI6MTUxMTI4MTEwNDEwNn0.T08kQOtcWO1vmG2l13oy4CKJVYibLd6GY_xkIrJhMYo',31),(117,'eyJ0eXAiOiJKV1QiLCJhbGciOiJIUzI1NiJ9.eyJVc2VyIjoicGV0ZXIxIiwiaXNzIjoiSU1ITyIsImV4cCI6MTUxMTI4MTc3MTAzNn0.-q6pKSq6VgYqUpxaP_jjQyD2edp4CHmOkkPEk1sc9fc',31),(118,'eyJ0eXAiOiJKV1QiLCJhbGciOiJIUzI1NiJ9.eyJVc2VyIjoicGV0ZXIxIiwiaXNzIjoiSU1ITyIsImV4cCI6MTUxMTI4MjAxMDM5MH0.zXLjDMRiQ9drlYfmy6c-NuZGeKR4ieqaCqD6r47yWbU',31),(119,'eyJ0eXAiOiJKV1QiLCJhbGciOiJIUzI1NiJ9.eyJVc2VyIjoicGV0ZXIxIiwiaXNzIjoiSU1ITyIsImV4cCI6MTUxMTI4MjA1NTA4Mn0.nkrwFc9ZWF_YEq-qPsf_kFNIXi9h7VcvcPsbpoN9V70',31),(120,'eyJ0eXAiOiJKV1QiLCJhbGciOiJIUzI1NiJ9.eyJVc2VyIjoicGV0ZXIxIiwiaXNzIjoiSU1ITyIsImV4cCI6MTUxMTI4MjQ3NzMxMH0.UkH09ddbzspXFR5TuCO_iKhRdDc9UjQqvN2UTc6op6U',31),(121,'eyJ0eXAiOiJKV1QiLCJhbGciOiJIUzI1NiJ9.eyJVc2VyIjoicGV0ZXIxIiwiaXNzIjoiSU1ITyIsImV4cCI6MTUxMTI4MjgxMDQyOH0.YhyhcnPYY9AJBWSVBaMZfYYVCa4dgqlKO8DiDxOKzeE',31),(122,'eyJ0eXAiOiJKV1QiLCJhbGciOiJIUzI1NiJ9.eyJVc2VyIjoicGV0ZXIxIiwiaXNzIjoiSU1ITyIsImV4cCI6MTUxMTI4MzEzMzczNX0.lp7xNcoCu8bvUdIYdONDFR1_jZ9AYAC9BspRCR-fJJs',31),(123,'eyJ0eXAiOiJKV1QiLCJhbGciOiJIUzI1NiJ9.eyJVc2VyIjoicGV0ZXIxIiwiaXNzIjoiSU1ITyIsImV4cCI6MTUxMTI4MzkyNzc1MH0.CeTQafhgc14ns1_YiED7nKJGe4l0Hr5jcBwpKOs7628',31),(124,'eyJ0eXAiOiJKV1QiLCJhbGciOiJIUzI1NiJ9.eyJVc2VyIjoicGV0ZXIxIiwiaXNzIjoiSU1ITyIsImV4cCI6MTUxMTI4NDkxNjAxNX0.kL-inbfxzfnTkDy_Jo_7XfgpZWjqX6F6kNV3vb1Ovsw',31),(125,'eyJ0eXAiOiJKV1QiLCJhbGciOiJIUzI1NiJ9.eyJVc2VyIjoicGV0ZXIxIiwiaXNzIjoiSU1ITyIsImV4cCI6MTUxMTI4NTEyNzU4NH0.2z3IBStR9vvmsa92gjYdkDMoWgY-1ci5uM4-eoTR_Hc',31),(126,'eyJ0eXAiOiJKV1QiLCJhbGciOiJIUzI1NiJ9.eyJVc2VyIjoicGV0ZXIxIiwiaXNzIjoiSU1ITyIsImV4cCI6MTUxMTI4NTY3MDc4NX0.SX0A-AQkTqn85jPIjn1qWSwlNVK_4uzBfS0tf5Eimss',31),(127,'eyJ0eXAiOiJKV1QiLCJhbGciOiJIUzI1NiJ9.eyJVc2VyIjoicGV0ZXIxIiwiaXNzIjoiSU1ITyIsImV4cCI6MTUxMTI4NTY3OTI5MX0.5ZoS6HzlD_1qUhigzaCz9XxgfdW2GnA8RBh1TC2Xdqo',31),(128,'eyJ0eXAiOiJKV1QiLCJhbGciOiJIUzI1NiJ9.eyJVc2VyIjoicGV0ZXIxIiwiaXNzIjoiSU1ITyIsImV4cCI6MTUxMTI4NTc4MTczMH0.eTvWGhnbfrjK1ty41gsUZ2YnoC2T4w88BGOP6uj0Qk8',31),(129,'eyJ0eXAiOiJKV1QiLCJhbGciOiJIUzI1NiJ9.eyJVc2VyIjoicGV0ZXIxIiwiaXNzIjoiSU1ITyIsImV4cCI6MTUxMTI4NTgxNzczMH0.cq_cvn6poljxkGwf_U2_yXMX_9WYoN2cUfT6eNmgGKc',31),(130,'eyJ0eXAiOiJKV1QiLCJhbGciOiJIUzI1NiJ9.eyJVc2VyIjoicGV0ZXIxIiwiaXNzIjoiSU1ITyIsImV4cCI6MTUxMTI4NjkwODA4NX0.bigDd7psycDStH8NiyLnj034EMcafAJYWEboUrchokI',31),(131,'eyJ0eXAiOiJKV1QiLCJhbGciOiJIUzI1NiJ9.eyJVc2VyIjoicGV0ZXIxIiwiaXNzIjoiSU1ITyIsImV4cCI6MTUxMTI4NzA4MDcxMX0.00HWOrjoKRvHz29CYgvPSxZ-Q0fhAlDCJzEg_KeilkQ',31),(132,'eyJ0eXAiOiJKV1QiLCJhbGciOiJIUzI1NiJ9.eyJVc2VyIjoicGV0ZXIxIiwiaXNzIjoiSU1ITyIsImV4cCI6MTUxMTI4NzIwODA4OX0.iDB8Rk6M74PvqH2Mq2DScWWNevnyKnpCZOYWyPLkhms',31),(133,'eyJ0eXAiOiJKV1QiLCJhbGciOiJIUzI1NiJ9.eyJVc2VyIjoicGV0ZXIxIiwiaXNzIjoiSU1ITyIsImV4cCI6MTUxMTI4NzczNTc0N30.Rx0bnS1mH2A4V75jWkpCmME0ddZ66FdGn1CFJl3c4Z0',31),(134,'eyJ0eXAiOiJKV1QiLCJhbGciOiJIUzI1NiJ9.eyJVc2VyIjoicGV0ZXIxIiwiaXNzIjoiSU1ITyIsImV4cCI6MTUxMTI4ODE3NjM5OH0.MqyhDHdvVupK32u8hYx_lOuhDhidjSP9-DXiQs8Z0Tw',31),(135,'eyJ0eXAiOiJKV1QiLCJhbGciOiJIUzI1NiJ9.eyJVc2VyIjoicGV0ZXIxIiwiaXNzIjoiSU1ITyIsImV4cCI6MTUxMTI4ODI1NTExOH0.BATtBt-1R7OBAhrfYEDI3lQEZnO8h8zLOeeO7ndDe90',31),(136,'eyJ0eXAiOiJKV1QiLCJhbGciOiJIUzI1NiJ9.eyJVc2VyIjoicGV0ZXIxIiwiaXNzIjoiSU1ITyIsImV4cCI6MTUxMTI4ODc4MzA2Nn0.xDrc1l8SRudGPbwnP5jvOvd-4BkARGBq9_8rbyS0OLA',31),(137,'eyJ0eXAiOiJKV1QiLCJhbGciOiJIUzI1NiJ9.eyJVc2VyIjoicGV0ZXIxIiwiaXNzIjoiSU1ITyIsImV4cCI6MTUxMTI4ODg3MjI3Mn0.fveQQa-Kuj8KM-NNTiCDydVHe18RAWH1sCmhqP61JOg',31),(138,'eyJ0eXAiOiJKV1QiLCJhbGciOiJIUzI1NiJ9.eyJVc2VyIjoicGV0ZXIxIiwiaXNzIjoiSU1ITyIsImV4cCI6MTUxMTI4ODk1MTQxNn0.FT65CfV4sxC79tCczPbxQKN2obt4VgxGfq65xzVxrBs',31),(139,'eyJ0eXAiOiJKV1QiLCJhbGciOiJIUzI1NiJ9.eyJVc2VyIjoicGV0ZXIxIiwiaXNzIjoiSU1ITyIsImV4cCI6MTUxMTI4OTA5NzI3MH0.SjbADrdb4xyznzwPCCfZNEf30lpZVn3Sp7Tswl8rVpc',31),(140,'eyJ0eXAiOiJKV1QiLCJhbGciOiJIUzI1NiJ9.eyJVc2VyIjoicGV0ZXIxIiwiaXNzIjoiSU1ITyIsImV4cCI6MTUxMTI5MDU3Mjg1M30.GTTnz_f6iyffn9hv6QexmnMYTdnU4bLcZlDRc2ncIfk',31),(141,'eyJ0eXAiOiJKV1QiLCJhbGciOiJIUzI1NiJ9.eyJVc2VyIjoicGV0ZXIxIiwiaXNzIjoiSU1ITyIsImV4cCI6MTUxMTI5MDc4MjY3N30.C4oGs02s_lMPMPe8-K3VH7l7uX3Z4UxYWmAWE_mNLJ8',31),(142,'eyJ0eXAiOiJKV1QiLCJhbGciOiJIUzI1NiJ9.eyJVc2VyIjoicGV0ZXIxIiwiaXNzIjoiSU1ITyIsImV4cCI6MTUxMTI5MTI3NjU5OX0.wXc9a1kcCY8kGqVnlwahEbYOJbq89aF_1AQ83cORQlA',31),(143,'eyJ0eXAiOiJKV1QiLCJhbGciOiJIUzI1NiJ9.eyJVc2VyIjoicGV0ZXIxIiwiaXNzIjoiSU1ITyIsImV4cCI6MTUxMTI5MTMyOTEyN30.0kvQjyATE9Kvt5MYo3F-gncAheMBB7zOPIJlP6PAxNY',31),(144,'eyJ0eXAiOiJKV1QiLCJhbGciOiJIUzI1NiJ9.eyJVc2VyIjoicGV0ZXIxIiwiaXNzIjoiSU1ITyIsImV4cCI6MTUxMTI5MTM3MjU5Nn0.Hzan5-d0paAytJSiwuYB5igDqgv5z7YhJIMZJJ2bcxM',31),(145,'eyJ0eXAiOiJKV1QiLCJhbGciOiJIUzI1NiJ9.eyJVc2VyIjoicGV0ZXIxIiwiaXNzIjoiSU1ITyIsImV4cCI6MTUxMTI5MTQyMTE5MX0.w8yDyhoiJxEYbqGpCQ1eJXQ9-TKsQ1ZG7HqXo-MkK4s',31),(146,'eyJ0eXAiOiJKV1QiLCJhbGciOiJIUzI1NiJ9.eyJVc2VyIjoicGV0ZXIxIiwiaXNzIjoiSU1ITyIsImV4cCI6MTUxMTI5MTU1ODQ1Mn0.vcw55lf1icKJDnshueKf4PwCA9uJCntCqWS0OyJ8i8k',31),(147,'eyJ0eXAiOiJKV1QiLCJhbGciOiJIUzI1NiJ9.eyJVc2VyIjoicGV0ZXIxIiwiaXNzIjoiSU1ITyIsImV4cCI6MTUxMTI5MTY4NTMxMH0.kfhCOMaL5gdvMQepDM2dWPAttTz-jRm7xqcKCdiLNCc',31),(148,'eyJ0eXAiOiJKV1QiLCJhbGciOiJIUzI1NiJ9.eyJVc2VyIjoicGV0ZXIxIiwiaXNzIjoiSU1ITyIsImV4cCI6MTUxMTI5MTcyNTY2MX0.7Br6xmxJzseWn7RCzcw521VnDe47XCfeicEy0yVTxJ4',31),(149,'eyJ0eXAiOiJKV1QiLCJhbGciOiJIUzI1NiJ9.eyJVc2VyIjoicGV0ZXIxIiwiaXNzIjoiSU1ITyIsImV4cCI6MTUxMTI5MTczNjk0OH0.unGhoOQxRRA-0qgsgl_0SAIX2pNUg5ExlJdhRwvyW2M',31),(150,'eyJ0eXAiOiJKV1QiLCJhbGciOiJIUzI1NiJ9.eyJVc2VyIjoicGV0ZXIxIiwiaXNzIjoiSU1ITyIsImV4cCI6MTUxMTI5MTc3ODIzMX0.2UGcTjY_c5QBhAJS9JY6cx5v15WQvAd9ZXJrHVjyWD8',31),(151,'eyJ0eXAiOiJKV1QiLCJhbGciOiJIUzI1NiJ9.eyJVc2VyIjoicGV0ZXIxIiwiaXNzIjoiSU1ITyIsImV4cCI6MTUxMTI5MjA2ODQyMX0.q0b2ppTfzMUXrOQpk477Zg8rj3AAaD9Q5bF6WamSoRw',31),(152,'eyJ0eXAiOiJKV1QiLCJhbGciOiJIUzI1NiJ9.eyJVc2VyIjoicGV0ZXIxIiwiaXNzIjoiSU1ITyIsImV4cCI6MTUxMTI5MjI4MTM1NX0.8zsD6DsPTzvHPueSckD8ACKbz7VVUTFz5DZJjHlI0Cw',31),(153,'eyJ0eXAiOiJKV1QiLCJhbGciOiJIUzI1NiJ9.eyJVc2VyIjoicGV0ZXIxIiwiaXNzIjoiSU1ITyIsImV4cCI6MTUxMTI5MjM1ODA2NX0.DRldL3Nar1RO8EHtWy7q72X9sPmQ-i-nXXk4APouOrM',31),(154,'eyJ0eXAiOiJKV1QiLCJhbGciOiJIUzI1NiJ9.eyJVc2VyIjoicGV0ZXIxIiwiaXNzIjoiSU1ITyIsImV4cCI6MTUxMTI5MjQ0OTU0NH0.-3t-qPo0De-a30rq3-VQqxjbSL0Ys3tDwHW6W4iMbqk',31),(155,'eyJ0eXAiOiJKV1QiLCJhbGciOiJIUzI1NiJ9.eyJVc2VyIjoicGV0ZXIxIiwiaXNzIjoiSU1ITyIsImV4cCI6MTUxMTI5MjQ3MjM2OX0.PwwUQrXXTNdVL1sY5-DC4zNYe-o0EmcL1-IubF634jw',31),(156,'eyJ0eXAiOiJKV1QiLCJhbGciOiJIUzI1NiJ9.eyJVc2VyIjoicGV0ZXIxIiwiaXNzIjoiSU1ITyIsImV4cCI6MTUxMTI5NDkyOTgyNX0.Yg_IpmbfGC-Qv0UZ6CwIPABf04pXKEJGnsqzR0t6Dh4',31),(157,'eyJ0eXAiOiJKV1QiLCJhbGciOiJIUzI1NiJ9.eyJVc2VyIjoicGV0ZXIxIiwiaXNzIjoiSU1ITyIsImV4cCI6MTUxMTI5NDk5MDY0NH0.nR8ybGA36mEu7eddbR4A23-GUXZr5vk-D31P7B3UWCo',31),(158,'eyJ0eXAiOiJKV1QiLCJhbGciOiJIUzI1NiJ9.eyJVc2VyIjoicGV0ZXIxIiwiaXNzIjoiSU1ITyIsImV4cCI6MTUxMTI5NTA5Mzg0Nn0.wxMau5Fo-IgK2OAK6X5xnvLSS6jR5vZGpp4Le1jlPuk',31),(159,'eyJ0eXAiOiJKV1QiLCJhbGciOiJIUzI1NiJ9.eyJVc2VyIjoicGV0ZXIxIiwiaXNzIjoiSU1ITyIsImV4cCI6MTUxMTI5NTE5MzcxNX0.7SAgJxsgN7VZIVJp4badId_t-cqbqDCozxoQo8nHJJY',31),(160,'eyJ0eXAiOiJKV1QiLCJhbGciOiJIUzI1NiJ9.eyJVc2VyIjoicGV0ZXIxIiwiaXNzIjoiSU1ITyIsImV4cCI6MTUxMTI5NzAwNjIwNH0.CWQTcicyr1Xi1ajR2kZ0H-J0pBtFU_tMjmUfQWdiQvk',31),(161,'eyJ0eXAiOiJKV1QiLCJhbGciOiJIUzI1NiJ9.eyJVc2VyIjoicGV0ZXIxIiwiaXNzIjoiSU1ITyIsImV4cCI6MTUxMTM2OTIxMzU0MX0.nocJOUl_5YdejkXOCdRg2DocIm6uMYj6RbKcch2cOi8',31),(162,'eyJ0eXAiOiJKV1QiLCJhbGciOiJIUzI1NiJ9.eyJVc2VyIjoicGV0ZXIxIiwiaXNzIjoiSU1ITyIsImV4cCI6MTUxMTM2OTI0NjA0NX0.zltMhCgI9MFT95_mtH6DK74ntwUX31yPJ3VNDHD1cR4',31),(163,'eyJ0eXAiOiJKV1QiLCJhbGciOiJIUzI1NiJ9.eyJVc2VyIjoicGV0ZXIxIiwiaXNzIjoiSU1ITyIsImV4cCI6MTUxMTM3MjA1Mjk5NH0.DN_kz8-AbheZq4SDWcuG60qj-eAdAYHF3HLZuHvvmoc',31),(164,'eyJ0eXAiOiJKV1QiLCJhbGciOiJIUzI1NiJ9.eyJVc2VyIjoicGV0ZXIxIiwiaXNzIjoiSU1ITyIsImV4cCI6MTUxMTM3MjMxNTg5OH0.KUWv_7WSktkVPsfjghV6AAn2kQ04-moETmMPB0Vvxwc',31),(165,'eyJ0eXAiOiJKV1QiLCJhbGciOiJIUzI1NiJ9.eyJVc2VyIjoicGV0ZXIxIiwiaXNzIjoiSU1ITyIsImV4cCI6MTUxMTM3MjgyMjU1NX0.s7akjbf6skRlQjhoCwiS0skj2hpjxllj7EZtZVOd52c',31),(166,'eyJ0eXAiOiJKV1QiLCJhbGciOiJIUzI1NiJ9.eyJVc2VyIjoicGV0ZXIxIiwiaXNzIjoiSU1ITyIsImV4cCI6MTUxMTM3MzAxMjE3N30.3WwUPe7t2uOjusg6AX2xWv2w-Lfu0BrVXNIGntTbU5Q',31),(167,'eyJ0eXAiOiJKV1QiLCJhbGciOiJIUzI1NiJ9.eyJVc2VyIjoicGV0ZXIxIiwiaXNzIjoiSU1ITyIsImV4cCI6MTUxMTQ2MzEwODcyMH0.6P042cbt81S1c9GDTkbDq8Dvc_kAozXrjT8esJwGSoA',31),(168,'eyJ0eXAiOiJKV1QiLCJhbGciOiJIUzI1NiJ9.eyJVc2VyIjoicGV0ZXIxIiwiaXNzIjoiSU1ITyIsImV4cCI6MTUxMTQ2MzMxMzMwMH0.C84AegiqU3K0OFh7s6BQOK1AHMSug2RtmmCacL_s1pw',31),(169,'eyJ0eXAiOiJKV1QiLCJhbGciOiJIUzI1NiJ9.eyJVc2VyIjoicGV0ZXIxIiwiaXNzIjoiSU1ITyIsImV4cCI6MTUxMTQ2MzQ5MjI1OX0.K_3tuOFVcbghuI1IvBAG7f05XtEbKuvD0XSIR35ZH_Q',31),(170,'eyJ0eXAiOiJKV1QiLCJhbGciOiJIUzI1NiJ9.eyJVc2VyIjoicGV0ZXIxIiwiaXNzIjoiSU1ITyIsImV4cCI6MTUxMTQ2MzU4NDQ3NX0.UkdKZuRbU6b3uZaVPXk7tf_U1KXhwQ8XvsA7aS3xiw8',31);
/*!40000 ALTER TABLE `tokens` ENABLE KEYS */;
UNLOCK TABLES;

--
-- Table structure for table `user`
--

DROP TABLE IF EXISTS `user`;
/*!40101 SET @saved_cs_client     = @@character_set_client */;
/*!40101 SET character_set_client = utf8 */;
CREATE TABLE `user` (
  `user_id` int(11) NOT NULL AUTO_INCREMENT,
  `username` varchar(100) NOT NULL,
  `password` varchar(100) NOT NULL,
  `type` int(11) NOT NULL DEFAULT '2',
  `time_created` longtext,
  PRIMARY KEY (`user_id`),
  UNIQUE KEY `idUser_UNIQUE` (`user_id`),
  UNIQUE KEY `username_UNIQUE` (`username`)
) ENGINE=InnoDB AUTO_INCREMENT=39 DEFAULT CHARSET=latin1;
/*!40101 SET character_set_client = @saved_cs_client */;

--
-- Dumping data for table `user`
--

LOCK TABLES `user` WRITE;
/*!40000 ALTER TABLE `user` DISABLE KEYS */;
INSERT INTO `user` VALUES (1,'Andy Tran','abb46b015718bd7e617a3871370d6b79',2,'150945730'),(2,'Andy Tran 2','924ead3aab33f3cdb5111fa216132718',2,'150947071'),(3,'Freja','18c185da6da18d5a6f10c23432b2f072',2,'150947084'),(4,'Ahmed','631d2a621603aaf554bf0d61f07a9c25',2,'150953936'),(5,'MitBrugernavn','d63d3a0cf7e86953bb13625e26709980',2,'150964550'),(7,'Test123','a15c93abc2da1531f6b340cda4f0200d',2,'150990294'),(8,'Christian','304e799336777d7b00323d63c7e32603',2,'150990468'),(9,'test','c22566faeeae59d11bef1ee302f0aea4',2,'150995667'),(10,'virkerDet','a34f43017f17b79fd3905b6d07b0c6bf',2,'150995892'),(11,'hello','58c8d514a91b9e5e09ead6ac9f0a93c0',2,'150995898'),(12,'ChristianDoej','d6af23d304555799610ac2406d5cad51',1,'150995988'),(15,'Andrea','71fa11b86a1f1b832f4250e101db354e',2,'150996911'),(17,'testTest','5112c6fa927cb6a3de3a163b334e2f43',2,'150998306'),(18,'teest','b0faccf3c5ae349262d11e7dc1b32368',2,'151005571'),(20,'12345','94a48b34ccd6f4e273c1b5e2f8304eac',2,'151006377'),(21,'Chris','c04cd2a4c4b3d698ff151ad9788909f9',2,'151024383'),(22,'nyBruger','f73761c62ab26fccdcea996ae6ed72d3',2,'151057687'),(28,'test200','f9b24696a76ef15280bc7c2fad6d87d8',2,'151064395'),(29,'Peter','f10fb86c60554e09edd527ba93023b63',2,'151065021'),(30,'Peter3','6ab599f1aab010685cfe44c97c2bb685',2,'151065267'),(31,'peter1','848cbe90b1e76be41f8270d433e834ac',2,'151067110'),(32,'åge','a44d5808c87534584b2964156fedaaf6',2,'151067111'),(33,'alle ','74f2af8c37ec9dc79c56e0515384c688',2,'151067150'),(34,'ib','e665844b75f326aab3543fee33d3f240',2,'151073581'),(36,'q','ac7805a136a23d378231322ce745d94e',2,'151074602'),(37,'VIRK','feeda8dc1c6190441262558a8d1dc965',2,'151126520'),(38,'H','8ceb3cd73c511dc0aa9c6526ac5c0a71',2,'151127180');
/*!40000 ALTER TABLE `user` ENABLE KEYS */;
UNLOCK TABLES;
/*!40103 SET TIME_ZONE=@OLD_TIME_ZONE */;

/*!40101 SET SQL_MODE=@OLD_SQL_MODE */;
/*!40014 SET FOREIGN_KEY_CHECKS=@OLD_FOREIGN_KEY_CHECKS */;
/*!40014 SET UNIQUE_CHECKS=@OLD_UNIQUE_CHECKS */;
/*!40101 SET CHARACTER_SET_CLIENT=@OLD_CHARACTER_SET_CLIENT */;
/*!40101 SET CHARACTER_SET_RESULTS=@OLD_CHARACTER_SET_RESULTS */;
/*!40101 SET COLLATION_CONNECTION=@OLD_COLLATION_CONNECTION */;
/*!40111 SET SQL_NOTES=@OLD_SQL_NOTES */;

-- Dump completed on 2017-11-26 12:33:15
